style,brand,color,price,match_success
SOC,Nike,WHT,628,1
VIN,Adidas,WHT,227,1
SOC,Adidas,BLK,961,1
FAS,Nike,NEU,345,1
ESP,Adidas,WHT,717,0
FAS,Adidas,WHT,758,1
FAS,Vans,NEU,315,0
ESP,Converse,COL,239,0
FAS,Adidas,BLK,188,0
FAS,Vans,BLK,211,1
FAS,Nike,BLK,236,0
SOC,Nike,WHT,281,0
CAS,Converse,BLK,705,0
FAS,Nike,NEU,244,0
FAS,New Balance,NEU,873,0
CAS,New Balance,BLK,765,1
CAS,New Balance,WHT,701,1
SOC,Adidas,COL,362,1
CAS,Adidas,COL,325,1
SOC,Converse,COL,460,0
CAS,Adidas,WHT,356,0
CAS,New Balance,WHT,993,1
FAS,New Balance,NEU,580,0
CAS,Nike,NEU,229,0
VIN,Vans,COL,856,0
FAS,Nike,WHT,230,1
ESP,Vans,NEU,165,0
VIN,Adidas,NEU,350,1
VIN,Converse,BLK,826,0
SOC,New Balance,COL,533,1
SOC,Adidas,BLK,785,1
SOC,Converse,WHT,565,0
SOC,Adidas,COL,847,0
FAS,Vans,BLK,292,1
ESP,New Balance,NEU,953,0
FAS,Converse,NEU,204,0
ESP,Vans,BLK,819,1
CAS,New Balance,BLK,410,0
CAS,Converse,NEU,975,1
FAS,Converse,NEU,869,1
FAS,New Balance,WHT,348,1
CAS,Adidas,NEU,963,1
FAS,New Balance,WHT,596,0
CAS,Converse,NEU,711,1
FAS,Nike,WHT,830,0
ESP,Adidas,NEU,819,1
FAS,Nike,WHT,129,1
VIN,Converse,BLK,634,1
FAS,Vans,WHT,904,0
FAS,Converse,NEU,917,0
SOC,Converse,BLK,838,0
ESP,Vans,BLK,831,0
FAS,Vans,WHT,313,1
CAS,Nike,WHT,118,1
ESP,Converse,NEU,924,1
SOC,Nike,NEU,557,0
SOC,Nike,WHT,869,1
ESP,Vans,COL,733,0
SOC,Nike,COL,737,1
FAS,New Balance,COL,318,1
FAS,New Balance,WHT,900,0
SOC,New Balance,WHT,374,0
ESP,Vans,NEU,862,1
CAS,Adidas,NEU,766,0
ESP,Converse,WHT,755,0
ESP,Nike,BLK,143,1
FAS,Nike,NEU,711,0
CAS,Converse,BLK,226,1
SOC,New Balance,COL,953,0
FAS,Adidas,BLK,897,0
FAS,New Balance,BLK,254,1
FAS,New Balance,COL,539,1
VIN,Converse,NEU,282,0
ESP,Converse,WHT,760,1
FAS,Converse,NEU,978,0
SOC,Vans,WHT,264,0
VIN,Vans,COL,427,0
FAS,Converse,COL,265,1
ESP,New Balance,COL,455,1
FAS,Adidas,COL,762,0
ESP,Vans,WHT,217,1
SOC,Converse,NEU,463,1
VIN,Converse,BLK,821,0
SOC,Vans,WHT,544,0
ESP,Converse,BLK,677,0
FAS,Adidas,NEU,521,1
ESP,Vans,BLK,309,1
SOC,New Balance,NEU,360,1
CAS,Vans,WHT,501,0
FAS,Adidas,BLK,813,0
VIN,New Balance,BLK,586,1
ESP,Vans,WHT,734,0
VIN,Adidas,COL,646,0
ESP,Nike,BLK,307,1
CAS,Nike,COL,727,1
ESP,Adidas,BLK,393,0
VIN,Adidas,WHT,886,0
FAS,Nike,NEU,191,1
SOC,Vans,BLK,645,1
VIN,New Balance,COL,237,1
FAS,Converse,NEU,616,0
SOC,New Balance,WHT,833,0
CAS,New Balance,WHT,208,1
SOC,Adidas,WHT,696,0
ESP,Adidas,BLK,134,1
FAS,Vans,NEU,731,0
FAS,Adidas,NEU,638,1
CAS,Adidas,NEU,631,0
ESP,Nike,NEU,795,1
SOC,New Balance,NEU,273,0
ESP,New Balance,BLK,297,1
SOC,New Balance,BLK,830,0
ESP,Vans,NEU,714,1
CAS,Nike,COL,234,0
SOC,Nike,WHT,270,0
SOC,New Balance,NEU,475,1
ESP,New Balance,NEU,846,1
FAS,Vans,NEU,882,0
CAS,Adidas,COL,756,1
ESP,Vans,NEU,281,1
ESP,Converse,COL,887,0
SOC,Nike,WHT,176,1
ESP,Nike,COL,444,1
FAS,Adidas,BLK,334,0
FAS,Nike,NEU,866,1
SOC,Vans,COL,781,1
ESP,Converse,WHT,791,0
CAS,Converse,WHT,730,0
CAS,Converse,COL,506,1
ESP,Adidas,BLK,597,1
CAS,Vans,COL,306,0
FAS,Nike,BLK,999,0
SOC,Adidas,NEU,580,1
ESP,Vans,WHT,453,1
ESP,Converse,COL,484,0
ESP,Adidas,BLK,285,0
VIN,New Balance,COL,696,1
VIN,Nike,NEU,157,0
VIN,Converse,COL,866,1
CAS,New Balance,WHT,438,1
ESP,Nike,WHT,145,0
FAS,Adidas,BLK,720,0
FAS,Adidas,BLK,171,0
FAS,Adidas,COL,763,0
CAS,Nike,NEU,170,1
VIN,New Balance,WHT,933,1
CAS,Vans,NEU,621,1
CAS,Nike,BLK,484,0
VIN,Vans,COL,230,0
FAS,Converse,NEU,221,0
CAS,Adidas,NEU,401,0
ESP,New Balance,COL,260,1
FAS,Vans,BLK,635,1
VIN,Vans,WHT,904,0
ESP,Converse,WHT,604,0
VIN,Vans,WHT,880,0
ESP,New Balance,BLK,402,0
FAS,Converse,WHT,334,1
CAS,Converse,BLK,350,0
CAS,New Balance,BLK,383,0
VIN,New Balance,NEU,609,0
FAS,Converse,COL,885,1
SOC,Converse,BLK,866,0
CAS,Adidas,COL,930,1
ESP,Adidas,COL,719,1
SOC,Converse,WHT,328,0
VIN,Converse,NEU,106,1
CAS,New Balance,NEU,340,0
ESP,Nike,NEU,647,1
SOC,Adidas,BLK,709,0
ESP,Vans,WHT,565,1
ESP,Vans,WHT,749,1
FAS,Nike,COL,764,1
ESP,New Balance,COL,820,1
FAS,Converse,WHT,155,0
ESP,Adidas,WHT,951,0
SOC,Nike,WHT,885,1
CAS,Vans,NEU,858,0
CAS,Vans,COL,972,1
CAS,New Balance,WHT,164,1
VIN,Nike,BLK,824,0
CAS,Adidas,COL,359,0
SOC,New Balance,WHT,599,1
FAS,Converse,COL,592,1
CAS,Adidas,NEU,820,0
FAS,Adidas,COL,726,1
CAS,Adidas,COL,937,1
FAS,New Balance,NEU,420,0
CAS,Converse,NEU,512,0
ESP,Vans,WHT,622,0
ESP,Converse,WHT,530,0
CAS,Nike,WHT,990,0
SOC,Converse,COL,582,0
SOC,Nike,WHT,961,0
VIN,Vans,BLK,841,0
VIN,Adidas,NEU,193,1
CAS,New Balance,COL,325,1
VIN,Adidas,BLK,899,1
ESP,Vans,WHT,778,0
CAS,Vans,BLK,867,1
ESP,Adidas,BLK,371,1
CAS,Converse,BLK,820,1
ESP,New Balance,BLK,696,0
VIN,Nike,BLK,751,0
CAS,Nike,COL,250,0
SOC,Adidas,COL,382,0
VIN,Vans,BLK,521,0
ESP,Nike,COL,777,0
ESP,Adidas,COL,740,0
VIN,Adidas,NEU,199,0
CAS,Nike,NEU,978,0
VIN,Vans,BLK,476,0
VIN,New Balance,WHT,720,0
SOC,Adidas,NEU,235,0
VIN,Nike,BLK,753,1
VIN,New Balance,WHT,718,1
ESP,New Balance,BLK,364,1
VIN,New Balance,BLK,539,0
VIN,New Balance,WHT,637,1
ESP,Adidas,WHT,766,1
ESP,Adidas,WHT,984,0
ESP,Nike,COL,154,1
VIN,Converse,BLK,330,0
FAS,Vans,WHT,203,1
ESP,Converse,BLK,624,0
VIN,Nike,BLK,886,0
FAS,New Balance,NEU,380,1
VIN,New Balance,BLK,980,0
SOC,Converse,NEU,178,0
ESP,Adidas,BLK,333,0
FAS,Converse,WHT,810,0
CAS,Nike,NEU,922,1
VIN,Converse,NEU,692,1
SOC,Adidas,WHT,143,0
CAS,Nike,WHT,971,1
SOC,Adidas,COL,178,0
CAS,Adidas,NEU,150,0
SOC,Converse,NEU,849,1
VIN,Vans,COL,526,1
ESP,Vans,NEU,551,1
VIN,Vans,BLK,663,0
FAS,Converse,BLK,856,0
ESP,Vans,BLK,786,1
VIN,Vans,WHT,142,1
SOC,Nike,WHT,576,1
SOC,Vans,BLK,622,1
CAS,Adidas,COL,821,0
FAS,Vans,COL,993,1
CAS,New Balance,COL,434,1
CAS,New Balance,NEU,379,0
VIN,Converse,NEU,107,1
ESP,New Balance,WHT,582,0
FAS,Nike,NEU,498,1
VIN,Nike,BLK,972,0
ESP,Nike,NEU,332,1
SOC,Vans,NEU,297,0
CAS,Converse,COL,108,1
VIN,Adidas,COL,167,1
VIN,New Balance,NEU,200,1
ESP,Adidas,BLK,302,1
ESP,Vans,WHT,718,0
VIN,Vans,COL,755,0
FAS,Adidas,BLK,795,1
CAS,Vans,NEU,628,0
SOC,Vans,BLK,842,0
CAS,Nike,BLK,973,1
FAS,New Balance,WHT,305,1
SOC,New Balance,BLK,362,0
VIN,New Balance,BLK,349,1
FAS,Adidas,NEU,177,1
SOC,Nike,WHT,752,1
CAS,Nike,BLK,621,1
FAS,Adidas,COL,631,1
FAS,Converse,BLK,735,1
SOC,Converse,BLK,508,0
VIN,Nike,WHT,251,0
CAS,Adidas,WHT,373,0
SOC,Converse,BLK,822,0
SOC,Converse,NEU,162,0
ESP,New Balance,BLK,793,0
FAS,Adidas,WHT,500,1
ESP,Converse,COL,556,1
CAS,Adidas,BLK,312,0
CAS,Nike,NEU,326,0
FAS,Vans,NEU,706,1
VIN,Converse,WHT,348,0
VIN,Adidas,WHT,627,1
SOC,New Balance,WHT,421,0
VIN,Converse,COL,101,1
SOC,Nike,COL,367,0
ESP,Converse,WHT,455,1
SOC,Nike,WHT,633,1
SOC,Converse,NEU,138,0
SOC,Nike,BLK,790,0
FAS,Adidas,COL,995,1
FAS,Converse,WHT,157,1
VIN,Nike,COL,431,0
FAS,New Balance,BLK,370,1
CAS,New Balance,NEU,388,1
SOC,Converse,WHT,380,1
VIN,Converse,NEU,843,1
CAS,Converse,COL,873,1
ESP,Vans,BLK,158,1
SOC,Adidas,NEU,984,1
FAS,Converse,COL,447,0
VIN,Vans,NEU,375,1
FAS,Converse,WHT,721,0
ESP,New Balance,WHT,383,0
VIN,Nike,NEU,180,1
ESP,New Balance,BLK,286,0
SOC,Vans,COL,197,0
ESP,Converse,NEU,951,1
CAS,Adidas,WHT,445,1
VIN,Converse,COL,628,0
VIN,Nike,WHT,800,0
FAS,Converse,COL,441,1
VIN,Nike,WHT,229,0
FAS,Nike,COL,720,0
VIN,Nike,COL,689,0
VIN,Converse,WHT,179,1
SOC,Converse,NEU,768,1
VIN,Vans,NEU,536,0
FAS,Vans,COL,821,0
SOC,Adidas,COL,777,1
ESP,Vans,WHT,665,1
SOC,Vans,NEU,455,1
CAS,Adidas,NEU,529,0
VIN,Converse,BLK,300,0
CAS,Converse,WHT,463,0
SOC,New Balance,NEU,657,1
CAS,Adidas,COL,266,0
FAS,Adidas,WHT,925,0
ESP,Converse,COL,528,0
SOC,Adidas,WHT,960,0
SOC,Adidas,NEU,857,1
FAS,Adidas,WHT,171,1
SOC,Converse,WHT,734,0
CAS,Converse,WHT,567,0
ESP,Nike,WHT,124,1
SOC,New Balance,WHT,186,1
ESP,New Balance,WHT,287,0
ESP,Converse,COL,149,1
SOC,New Balance,NEU,140,1
CAS,New Balance,BLK,357,1
ESP,Converse,BLK,535,1
ESP,Adidas,WHT,620,0
VIN,Adidas,BLK,749,0
ESP,New Balance,NEU,535,1
VIN,Converse,NEU,171,0
FAS,New Balance,COL,322,1
ESP,Nike,WHT,534,0
VIN,New Balance,WHT,643,0
VIN,Vans,WHT,214,1
VIN,Converse,COL,344,0
CAS,Converse,COL,842,0
SOC,Adidas,NEU,725,0
SOC,Adidas,WHT,887,0
CAS,Converse,WHT,630,1
CAS,Adidas,COL,184,1
VIN,Vans,WHT,121,0
VIN,Nike,BLK,219,0
CAS,New Balance,BLK,673,1
ESP,Nike,WHT,373,1
VIN,Nike,NEU,865,1
VIN,New Balance,BLK,844,1
FAS,Nike,BLK,887,0
SOC,Vans,WHT,470,0
FAS,Vans,WHT,714,0
ESP,Nike,NEU,177,1
ESP,Adidas,NEU,180,0
FAS,Nike,WHT,414,1
SOC,Vans,NEU,421,1
FAS,Adidas,BLK,322,0
VIN,Adidas,BLK,493,0
ESP,Vans,WHT,256,0
VIN,New Balance,WHT,593,1
SOC,Adidas,BLK,622,1
ESP,Adidas,BLK,408,1
VIN,Vans,COL,762,0
CAS,Nike,COL,753,0
FAS,New Balance,NEU,692,1
SOC,Nike,COL,748,1
CAS,Converse,NEU,535,1
FAS,Converse,BLK,546,0
FAS,Vans,NEU,351,1
CAS,Converse,WHT,671,1
CAS,Converse,NEU,194,0
VIN,Nike,COL,329,0
ESP,Converse,WHT,393,1
SOC,Adidas,NEU,580,0
ESP,Converse,WHT,921,1
SOC,Converse,WHT,386,1
ESP,Adidas,WHT,404,1
SOC,Nike,WHT,129,0
SOC,New Balance,WHT,338,0
FAS,Nike,BLK,208,0
CAS,Adidas,WHT,439,0
SOC,New Balance,COL,297,0
FAS,Converse,BLK,610,1
ESP,New Balance,COL,664,0
ESP,New Balance,NEU,608,0
SOC,New Balance,BLK,180,0
FAS,Adidas,WHT,440,1
VIN,New Balance,COL,562,0
CAS,Nike,BLK,815,0
VIN,Adidas,WHT,431,0
CAS,Nike,WHT,473,1
ESP,Nike,WHT,414,0
ESP,Nike,BLK,959,1
FAS,Vans,COL,532,0
VIN,Adidas,NEU,806,1
FAS,New Balance,BLK,987,0
CAS,Adidas,COL,490,0
ESP,Nike,COL,686,0
VIN,Vans,COL,541,0
SOC,Adidas,BLK,140,0
VIN,New Balance,WHT,657,0
SOC,Converse,WHT,708,0
VIN,New Balance,WHT,850,0
ESP,New Balance,COL,331,1
ESP,Vans,BLK,328,0
VIN,Converse,WHT,890,0
CAS,Converse,COL,701,1
SOC,Vans,WHT,750,1
ESP,Vans,BLK,853,0
VIN,Vans,COL,786,1
SOC,New Balance,WHT,695,0
VIN,New Balance,NEU,693,1
CAS,Converse,COL,495,0
CAS,Nike,COL,894,0
SOC,Converse,WHT,189,1
FAS,Vans,BLK,207,1
ESP,Vans,BLK,517,0
ESP,New Balance,WHT,782,1
FAS,New Balance,WHT,469,1
FAS,Converse,NEU,453,1
CAS,Adidas,BLK,242,0
FAS,Converse,BLK,556,1
SOC,Nike,BLK,738,0
FAS,Nike,BLK,973,1
ESP,New Balance,BLK,574,1
CAS,Adidas,NEU,839,0
FAS,Adidas,NEU,902,1
SOC,New Balance,BLK,339,0
FAS,Nike,WHT,585,0
VIN,Adidas,WHT,639,1
FAS,Adidas,BLK,235,1
FAS,Nike,BLK,900,0
FAS,Nike,BLK,499,0
SOC,New Balance,BLK,775,1
VIN,Converse,COL,353,1
CAS,Nike,WHT,475,1
ESP,Vans,BLK,850,1
VIN,Nike,COL,332,0
FAS,Converse,NEU,558,1
FAS,Nike,BLK,168,0
CAS,Converse,WHT,911,1
VIN,New Balance,BLK,243,1
VIN,Nike,COL,861,0
CAS,Vans,WHT,695,1
SOC,New Balance,BLK,105,0
FAS,Adidas,WHT,285,1
CAS,Nike,COL,538,1
ESP,Converse,COL,236,1
ESP,Nike,BLK,604,0
FAS,Adidas,COL,296,1
FAS,New Balance,COL,916,0
CAS,Converse,COL,161,1
ESP,Vans,WHT,590,0
ESP,Nike,BLK,931,1
ESP,Adidas,NEU,730,1
FAS,Converse,BLK,903,1
VIN,Vans,WHT,860,1
CAS,Adidas,BLK,264,1
SOC,Converse,COL,409,1
ESP,New Balance,NEU,408,1
FAS,Nike,BLK,794,1
CAS,Vans,COL,757,1
SOC,Converse,COL,787,1
FAS,Nike,NEU,174,0
SOC,Nike,COL,389,0
ESP,Vans,WHT,517,1
SOC,Vans,COL,888,0
ESP,Vans,NEU,620,0
ESP,Converse,NEU,367,0
SOC,Nike,WHT,615,0
FAS,Nike,COL,929,1
SOC,Vans,COL,269,1
SOC,Nike,NEU,176,1
SOC,Adidas,BLK,890,1
SOC,Adidas,COL,212,0
CAS,Adidas,COL,319,0
SOC,New Balance,WHT,367,1
SOC,Nike,BLK,734,0
VIN,Converse,COL,356,1
SOC,Adidas,WHT,640,1
CAS,Adidas,BLK,880,0
CAS,Adidas,COL,553,1
CAS,Nike,COL,389,1
CAS,Converse,COL,404,0
CAS,New Balance,COL,639,0
VIN,Adidas,NEU,395,1
CAS,Nike,BLK,233,0
VIN,Adidas,COL,721,1
FAS,New Balance,NEU,603,0
FAS,Nike,NEU,931,1
ESP,New Balance,BLK,156,1
SOC,Adidas,NEU,899,1
ESP,Vans,COL,110,1
ESP,Converse,COL,218,0
VIN,New Balance,BLK,194,1
SOC,Nike,COL,294,0
ESP,Vans,COL,759,1
ESP,New Balance,BLK,259,0
SOC,Nike,NEU,206,0
VIN,Nike,NEU,410,1
FAS,New Balance,WHT,939,0
FAS,Nike,BLK,545,0
SOC,Converse,NEU,127,1
VIN,Converse,BLK,660,0
VIN,Adidas,NEU,175,0
ESP,Adidas,COL,276,1
ESP,Adidas,BLK,428,0
SOC,Adidas,BLK,490,0
FAS,Nike,WHT,823,0
VIN,Nike,BLK,404,0
CAS,Nike,WHT,369,0
ESP,Nike,BLK,639,0
ESP,Converse,BLK,268,1
SOC,Vans,BLK,827,1
ESP,Vans,WHT,494,0
VIN,Converse,BLK,963,0
FAS,Vans,NEU,375,0
ESP,Nike,BLK,712,0
CAS,Converse,COL,100,0
CAS,Adidas,COL,938,0
ESP,Adidas,NEU,575,0
FAS,Converse,NEU,253,0
FAS,Converse,BLK,284,0
ESP,Vans,NEU,697,1
CAS,New Balance,BLK,543,1
ESP,New Balance,WHT,280,0
VIN,Adidas,BLK,434,0
CAS,Adidas,BLK,719,1
ESP,Converse,WHT,556,0
CAS,Converse,COL,916,1
CAS,New Balance,NEU,508,1
VIN,Adidas,COL,583,0
ESP,Converse,COL,543,0
ESP,New Balance,COL,547,1
FAS,Nike,NEU,201,1
VIN,New Balance,NEU,677,1
FAS,Vans,WHT,393,0
CAS,Converse,COL,463,0
FAS,Converse,BLK,879,1
SOC,Nike,WHT,118,0
ESP,Nike,COL,437,1
FAS,New Balance,COL,137,1
FAS,New Balance,COL,857,1
ESP,New Balance,NEU,705,1
CAS,Vans,NEU,975,0
FAS,Vans,COL,528,1
SOC,Converse,BLK,859,1
SOC,New Balance,WHT,503,0
CAS,Vans,COL,532,0
FAS,Nike,BLK,702,1
SOC,New Balance,COL,575,0
VIN,Nike,NEU,503,0
CAS,Vans,WHT,406,0
FAS,Nike,COL,510,1
FAS,Nike,BLK,396,1
ESP,Vans,WHT,958,1
FAS,Converse,WHT,875,0
SOC,Vans,NEU,359,1
FAS,Vans,COL,436,0
SOC,Vans,COL,970,0
SOC,Nike,NEU,785,0
ESP,Nike,WHT,468,0
ESP,Converse,COL,941,1
FAS,New Balance,NEU,347,1
ESP,Vans,WHT,934,1
VIN,New Balance,COL,704,1
ESP,Vans,WHT,217,1
FAS,Converse,WHT,956,0
FAS,Vans,NEU,209,0
CAS,Vans,BLK,488,0
VIN,Adidas,NEU,232,0
SOC,Vans,COL,535,1
CAS,Vans,NEU,795,1
SOC,Converse,NEU,502,1
CAS,New Balance,NEU,758,1
FAS,New Balance,COL,542,0
SOC,Converse,BLK,303,0
VIN,Nike,NEU,249,1
ESP,New Balance,NEU,400,0
FAS,Converse,NEU,306,1
ESP,Vans,NEU,146,1
ESP,Converse,COL,887,0
ESP,Adidas,NEU,646,1
ESP,Converse,NEU,349,0
FAS,Nike,COL,420,1
ESP,Vans,BLK,340,1
ESP,Converse,BLK,537,1
ESP,Vans,COL,324,0
SOC,New Balance,WHT,479,1
SOC,Adidas,NEU,995,1
CAS,Vans,NEU,459,0
CAS,Adidas,NEU,449,0
VIN,New Balance,BLK,323,1
ESP,Converse,COL,685,1
SOC,Vans,NEU,243,1
CAS,Adidas,COL,690,0
SOC,New Balance,COL,725,0
SOC,Nike,BLK,732,0
VIN,Converse,COL,823,1
CAS,Nike,NEU,751,1
SOC,Adidas,NEU,979,0
ESP,Converse,WHT,603,1
FAS,Vans,NEU,383,1
VIN,Nike,BLK,134,1
SOC,Adidas,COL,347,1
ESP,Adidas,WHT,360,1
VIN,Adidas,COL,780,1
FAS,Vans,COL,341,1
VIN,Vans,BLK,634,0
FAS,Adidas,BLK,863,1
FAS,Adidas,COL,945,1
CAS,Adidas,WHT,510,1
FAS,Adidas,COL,255,0
VIN,Nike,WHT,255,1
CAS,Vans,COL,578,1
ESP,New Balance,COL,938,0
ESP,Adidas,COL,997,1
ESP,New Balance,BLK,181,0
FAS,Adidas,WHT,901,1
FAS,Converse,BLK,563,1
FAS,Vans,BLK,480,1
FAS,Nike,WHT,790,1
SOC,New Balance,COL,427,0
FAS,Adidas,BLK,831,1
VIN,New Balance,NEU,177,1
SOC,Adidas,COL,470,1
SOC,Nike,BLK,790,0
VIN,Nike,WHT,565,1
VIN,Converse,COL,888,0
FAS,Nike,WHT,775,1
ESP,Vans,BLK,561,1
SOC,Adidas,BLK,727,1
CAS,Converse,BLK,369,1
SOC,Vans,COL,322,0
FAS,Nike,COL,698,1
FAS,Converse,WHT,132,1
FAS,Converse,BLK,301,1
FAS,Vans,NEU,849,0
ESP,Nike,WHT,624,1
ESP,Vans,BLK,161,0
ESP,Vans,NEU,891,1
CAS,New Balance,COL,250,0
ESP,Adidas,COL,583,0
VIN,Adidas,BLK,227,1
VIN,Adidas,COL,208,1
ESP,Adidas,COL,334,0
FAS,Adidas,WHT,386,0
VIN,Adidas,WHT,468,1
CAS,Adidas,COL,222,0
CAS,Adidas,BLK,437,1
ESP,Vans,BLK,981,0
VIN,Adidas,WHT,339,1
SOC,Adidas,WHT,659,1
ESP,Nike,COL,750,0
VIN,Nike,COL,427,1
FAS,Nike,WHT,562,0
ESP,Converse,WHT,519,0
SOC,Converse,BLK,317,1
ESP,Nike,WHT,914,0
SOC,Vans,COL,440,0
VIN,Nike,COL,496,0
CAS,Nike,WHT,870,0
FAS,Adidas,NEU,489,1
FAS,Vans,NEU,116,0
CAS,Vans,WHT,256,0
ESP,Nike,COL,786,0
ESP,Vans,WHT,904,0
ESP,Nike,BLK,633,0
FAS,Nike,COL,673,1
SOC,Adidas,BLK,387,1
CAS,Converse,NEU,249,1
VIN,New Balance,BLK,807,0
CAS,Adidas,COL,711,0
CAS,Converse,COL,389,1
SOC,Converse,COL,255,0
FAS,Converse,WHT,579,0
VIN,Adidas,WHT,732,1
CAS,New Balance,WHT,744,1
VIN,New Balance,BLK,641,1
FAS,Vans,NEU,955,1
VIN,Nike,NEU,440,1
CAS,Converse,BLK,796,1
CAS,Vans,WHT,193,1
CAS,Nike,WHT,687,0
SOC,Adidas,BLK,254,0
SOC,Nike,NEU,675,1
VIN,Converse,WHT,458,1
FAS,Vans,WHT,393,0
SOC,New Balance,BLK,698,0
FAS,Adidas,COL,449,1
CAS,New Balance,NEU,735,0
ESP,Nike,WHT,447,1
ESP,Vans,WHT,564,0
SOC,Converse,NEU,808,0
SOC,New Balance,NEU,523,1
CAS,New Balance,WHT,318,0
VIN,New Balance,WHT,549,0
CAS,Nike,WHT,885,0
VIN,New Balance,BLK,895,0
CAS,Vans,WHT,549,0
FAS,Vans,WHT,141,1
CAS,Vans,NEU,973,0
SOC,Adidas,BLK,261,0
VIN,New Balance,BLK,852,1
FAS,New Balance,NEU,310,0
VIN,Nike,COL,617,1
VIN,Vans,COL,648,1
VIN,New Balance,BLK,394,0
CAS,Converse,WHT,354,1
ESP,Adidas,BLK,674,1
SOC,Converse,BLK,396,0
VIN,Nike,WHT,372,1
CAS,Nike,COL,447,0
CAS,Adidas,NEU,719,0
ESP,Adidas,WHT,185,0
CAS,New Balance,WHT,219,0
ESP,Nike,COL,807,0
ESP,Converse,WHT,576,1
SOC,Converse,BLK,495,0
FAS,Vans,COL,899,0
ESP,Converse,COL,103,1
VIN,Adidas,BLK,450,0
CAS,Adidas,WHT,478,0
CAS,Converse,COL,377,0
CAS,Nike,WHT,696,1
ESP,Vans,WHT,229,0
CAS,Adidas,WHT,411,1
CAS,Adidas,WHT,986,0
VIN,New Balance,NEU,954,1
ESP,Nike,WHT,157,1
FAS,Vans,BLK,343,1
ESP,Converse,WHT,654,0
CAS,Converse,COL,430,1
ESP,Nike,BLK,183,0
FAS,Nike,BLK,811,0
ESP,Vans,BLK,591,1
ESP,New Balance,BLK,656,0
FAS,Nike,WHT,713,0
SOC,New Balance,BLK,305,0
VIN,Adidas,NEU,350,0
ESP,New Balance,WHT,613,0
ESP,Converse,WHT,905,1
VIN,Adidas,NEU,223,0
VIN,Nike,BLK,415,1
FAS,New Balance,WHT,137,0
SOC,Nike,WHT,106,1
VIN,New Balance,NEU,935,1
CAS,Adidas,WHT,450,1
FAS,Vans,WHT,726,1
VIN,Nike,WHT,105,1
VIN,New Balance,NEU,418,0
CAS,Nike,NEU,361,1
ESP,Vans,NEU,904,1
SOC,Nike,WHT,247,1
SOC,Vans,NEU,828,1
SOC,Nike,NEU,432,1
ESP,New Balance,BLK,631,1
VIN,Converse,WHT,616,0
CAS,Adidas,COL,269,0
CAS,Nike,COL,794,0
ESP,Vans,COL,344,1
VIN,Nike,NEU,347,1
VIN,Adidas,WHT,586,0
SOC,New Balance,NEU,758,0
VIN,Converse,WHT,326,0
ESP,Vans,WHT,547,1
FAS,Vans,WHT,473,0
ESP,New Balance,WHT,339,1
ESP,Adidas,WHT,202,1
ESP,Converse,NEU,590,1
SOC,Vans,NEU,925,0
SOC,Vans,NEU,358,1
SOC,Nike,NEU,685,0
VIN,Nike,WHT,703,1
SOC,New Balance,WHT,426,0
ESP,Converse,BLK,157,1
FAS,New Balance,COL,640,0
CAS,New Balance,WHT,365,1
ESP,Converse,BLK,640,1
FAS,Vans,WHT,585,1
CAS,Vans,NEU,396,0
FAS,Nike,WHT,163,1
CAS,Adidas,BLK,175,1
VIN,Nike,COL,147,1
VIN,Nike,WHT,307,1
CAS,Converse,NEU,437,1
VIN,Nike,BLK,182,1
CAS,Nike,WHT,268,1
SOC,Converse,COL,101,1
FAS,Vans,NEU,112,1
VIN,Adidas,WHT,417,1
SOC,Adidas,WHT,266,1
FAS,Converse,WHT,840,0
FAS,Vans,NEU,956,0
FAS,Vans,BLK,339,0
CAS,Vans,NEU,960,1
ESP,Vans,WHT,672,1
CAS,Adidas,NEU,720,0
CAS,Vans,NEU,609,1
VIN,Adidas,WHT,471,0
CAS,Adidas,NEU,496,1
SOC,New Balance,NEU,166,0
FAS,Converse,NEU,739,0
CAS,New Balance,WHT,992,0
FAS,Adidas,WHT,548,0
ESP,Nike,BLK,495,1
ESP,Converse,WHT,943,0
FAS,Nike,NEU,947,1
SOC,Nike,COL,804,1
CAS,Adidas,BLK,511,1
SOC,Converse,WHT,440,0
CAS,Nike,NEU,392,0
SOC,Vans,NEU,777,0
ESP,Vans,NEU,403,0
VIN,Vans,COL,376,1
SOC,Vans,COL,441,1
SOC,Converse,WHT,592,1
FAS,Converse,WHT,730,1
ESP,Converse,BLK,710,1
CAS,Converse,NEU,194,0
SOC,Adidas,WHT,106,0
CAS,Adidas,COL,463,0
SOC,Vans,BLK,291,1
FAS,Adidas,WHT,595,1
FAS,Nike,COL,726,1
SOC,New Balance,BLK,922,0
CAS,Vans,COL,919,0
ESP,Converse,BLK,441,1
FAS,Adidas,BLK,592,0
SOC,Adidas,COL,290,0
SOC,Adidas,WHT,391,1
FAS,Converse,NEU,730,1
VIN,Vans,COL,225,1
VIN,Adidas,WHT,811,1
VIN,Converse,BLK,369,0
FAS,Vans,BLK,219,0
SOC,New Balance,WHT,959,0
VIN,Vans,BLK,247,1
FAS,Nike,BLK,659,0
SOC,Converse,WHT,553,1
VIN,Nike,BLK,631,1
VIN,New Balance,COL,904,0
FAS,Vans,BLK,111,0
FAS,New Balance,WHT,493,0
SOC,Nike,NEU,201,0
ESP,Vans,WHT,530,1
VIN,New Balance,COL,530,0
VIN,Converse,WHT,871,0
CAS,Adidas,WHT,230,0
SOC,New Balance,WHT,511,0
CAS,New Balance,NEU,995,1
ESP,Adidas,NEU,744,0
SOC,New Balance,WHT,599,1
ESP,Converse,BLK,511,0
ESP,New Balance,WHT,357,0
CAS,Adidas,COL,946,1
VIN,Nike,BLK,942,1
CAS,New Balance,BLK,751,1
ESP,Vans,NEU,677,0
CAS,Nike,NEU,842,1
SOC,Vans,COL,491,1
SOC,New Balance,COL,848,0
VIN,Nike,WHT,852,1
ESP,Adidas,BLK,272,1
CAS,Adidas,WHT,771,1
CAS,New Balance,NEU,338,0
ESP,Nike,BLK,484,1
ESP,Nike,BLK,957,0
FAS,Vans,COL,355,0
VIN,Vans,COL,795,0
CAS,Nike,BLK,599,0
SOC,Nike,NEU,866,0
VIN,Converse,COL,542,1
CAS,New Balance,BLK,732,0
ESP,Nike,COL,588,0
ESP,Nike,BLK,821,1
SOC,Converse,BLK,878,0
FAS,Vans,COL,115,1
ESP,Vans,COL,361,0
FAS,Nike,WHT,121,1
SOC,Nike,NEU,554,1
VIN,Nike,COL,317,0
CAS,Converse,BLK,368,0
CAS,New Balance,NEU,576,0
CAS,Converse,BLK,959,0
VIN,Vans,NEU,721,0
SOC,New Balance,WHT,679,0
FAS,Vans,COL,631,0
FAS,Converse,WHT,545,1
SOC,Adidas,WHT,795,1
SOC,Adidas,BLK,365,1
FAS,Adidas,COL,111,0
ESP,Nike,BLK,883,1
VIN,Adidas,BLK,725,1
SOC,Adidas,WHT,818,0
VIN,Nike,NEU,614,1
ESP,New Balance,COL,585,1
VIN,Nike,NEU,296,1
CAS,Nike,NEU,717,1
VIN,Converse,WHT,625,1
CAS,Nike,WHT,222,1
ESP,Nike,WHT,821,1
FAS,Nike,BLK,627,0
FAS,Vans,BLK,716,1
SOC,New Balance,COL,340,1
ESP,Adidas,BLK,311,0
FAS,Adidas,WHT,852,0
CAS,Converse,BLK,210,0
FAS,Nike,COL,503,0
CAS,New Balance,BLK,698,1
FAS,Adidas,WHT,200,1
SOC,New Balance,COL,822,0
VIN,Converse,BLK,118,1
FAS,Adidas,COL,961,1
SOC,Converse,NEU,104,1
VIN,Vans,WHT,880,0
VIN,Adidas,COL,818,0
CAS,Nike,WHT,442,1
FAS,Nike,BLK,974,1
FAS,Nike,BLK,653,1
ESP,Adidas,COL,860,0
ESP,New Balance,BLK,482,1
VIN,Vans,NEU,942,1
CAS,Vans,WHT,771,0
SOC,Converse,COL,735,1
FAS,Vans,COL,873,0
VIN,Vans,WHT,918,0
VIN,New Balance,NEU,689,1
FAS,Adidas,WHT,993,0
CAS,Nike,BLK,332,1
FAS,Adidas,WHT,465,0
ESP,Nike,BLK,369,1
SOC,Adidas,BLK,187,1
CAS,Nike,COL,296,1
VIN,Nike,WHT,703,1
FAS,New Balance,BLK,757,1
FAS,New Balance,COL,595,1
FAS,Adidas,WHT,945,1
FAS,Adidas,BLK,811,0
CAS,Adidas,NEU,906,0
VIN,Nike,BLK,870,0
FAS,Converse,BLK,285,1
VIN,Converse,COL,201,1
CAS,Adidas,WHT,800,1
FAS,Vans,NEU,958,1
FAS,Vans,WHT,260,1
FAS,Converse,COL,588,0
FAS,New Balance,WHT,784,1
CAS,Converse,WHT,601,1
ESP,New Balance,BLK,693,0
CAS,Converse,BLK,691,1
SOC,Adidas,COL,945,1
ESP,Vans,NEU,413,1
CAS,Converse,COL,739,0
CAS,Converse,WHT,493,0
FAS,Vans,WHT,906,0
SOC,New Balance,NEU,749,0
VIN,Adidas,BLK,796,0
ESP,Vans,COL,529,0
VIN,Nike,NEU,437,1
VIN,Vans,NEU,761,0
CAS,Adidas,BLK,682,0
FAS,Vans,COL,103,1
FAS,Adidas,BLK,124,0
ESP,New Balance,COL,825,1
ESP,Vans,WHT,837,1
FAS,Vans,BLK,395,0
VIN,Adidas,NEU,254,0
VIN,Vans,BLK,265,1
ESP,Vans,BLK,916,1
VIN,Adidas,WHT,866,1
SOC,Adidas,BLK,446,0
FAS,Adidas,BLK,932,0
CAS,Vans,NEU,150,1
SOC,New Balance,WHT,289,1
FAS,Adidas,WHT,494,0
SOC,Nike,WHT,118,1
VIN,Vans,BLK,462,0
SOC,New Balance,WHT,148,0
ESP,Adidas,WHT,961,1
ESP,Converse,COL,533,0
ESP,Adidas,COL,951,0
FAS,Converse,NEU,741,1
FAS,Converse,WHT,321,0
