tenis_marca,tenis_estilo,tenis_cores,tenis_preco,label
Marca_0,Estilo_0,Cor_0,50.0,1
Marca_1,Estilo_1,Cor_1,51.5,0
Marca_2,Estilo_2,Cor_2,53.0,1
Marca_3,Estilo_3,Cor_0,54.5,0
Marca_4,Estilo_4,Cor_1,56.0,1
Marca_5,Estilo_0,Cor_2,57.5,0
Marca_6,Estilo_1,Cor_0,59.0,1
Marca_7,Estilo_2,Cor_1,60.5,0
Marca_8,Estilo_3,Cor_2,62.0,1
Marca_9,Estilo_4,Cor_0,63.5,0
Marca_10,Estilo_0,Cor_1,65.0,1
Marca_11,Estilo_1,Cor_2,66.5,0
Marca_12,Estilo_2,Cor_0,68.0,1
Marca_13,Estilo_3,Cor_1,69.5,0
Marca_14,Estilo_4,Cor_2,71.0,1
Marca_15,Estilo_0,Cor_0,72.5,0
Marca_16,Estilo_1,Cor_1,74.0,1
Marca_17,Estilo_2,Cor_2,75.5,0
Marca_18,Estilo_3,Cor_0,77.0,1
Marca_19,Estilo_4,Cor_1,78.5,0
Marca_20,Estilo_0,Cor_2,80.0,1
Marca_21,Estilo_1,Cor_0,81.5,0
Marca_22,Estilo_2,Cor_1,83.0,1
Marca_23,Estilo_3,Cor_2,84.5,0
Marca_24,Estilo_4,Cor_0,86.0,1
Marca_25,Estilo_0,Cor_1,87.5,0
Marca_26,Estilo_1,Cor_2,89.0,1
Marca_27,Estilo_2,Cor_0,90.5,0
Marca_28,Estilo_3,Cor_1,92.0,1
Marca_29,Estilo_4,Cor_2,93.5,0
Marca_30,Estilo_0,Cor_0,95.0,1
Marca_31,Estilo_1,Cor_1,96.5,0
Marca_32,Estilo_2,Cor_2,98.0,1
Marca_33,Estilo_3,Cor_0,99.5,0
Marca_34,Estilo_4,Cor_1,101.0,1
Marca_35,Estilo_0,Cor_2,102.5,0
Marca_36,Estilo_1,Cor_0,104.0,1
Marca_37,Estilo_2,Cor_1,105.5,0
Marca_38,Estilo_3,Cor_2,107.0,1
Marca_39,Estilo_4,Cor_0,108.5,0
Marca_40,Estilo_0,Cor_1,110.0,1
Marca_41,Estilo_1,Cor_2,111.5,0
Marca_42,Estilo_2,Cor_0,113.0,1
Marca_43,Estilo_3,Cor_1,114.5,0
Marca_44,Estilo_4,Cor_2,116.0,1
Marca_45,Estilo_0,Cor_0,117.5,0
Marca_46,Estilo_1,Cor_1,119.0,1
Marca_47,Estilo_2,Cor_2,120.5,0
Marca_48,Estilo_3,Cor_0,122.0,1
Marca_49,Estilo_4,Cor_1,123.5,0
Marca_50,Estilo_0,Cor_2,125.0,1
Marca_51,Estilo_1,Cor_0,126.5,0
Marca_52,Estilo_2,Cor_1,128.0,1
Marca_53,Estilo_3,Cor_2,129.5,0
Marca_54,Estilo_4,Cor_0,131.0,1
Marca_55,Estilo_0,Cor_1,132.5,0
Marca_56,Estilo_1,Cor_2,134.0,1
Marca_57,Estilo_2,Cor_0,135.5,0
Marca_58,Estilo_3,Cor_1,137.0,1
Marca_59,Estilo_4,Cor_2,138.5,0
Marca_60,Estilo_0,Cor_0,140.0,1
Marca_61,Estilo_1,Cor_1,141.5,0
Marca_62,Estilo_2,Cor_2,143.0,1
Marca_63,Estilo_3,Cor_0,144.5,0
Marca_64,Estilo_4,Cor_1,146.0,1
Marca_65,Estilo_0,Cor_2,147.5,0
Marca_66,Estilo_1,Cor_0,149.0,1
Marca_67,Estilo_2,Cor_1,150.5,0
Marca_68,Estilo_3,Cor_2,152.0,1
Marca_69,Estilo_4,Cor_0,153.5,0
Marca_70,Estilo_0,Cor_1,155.0,1
Marca_71,Estilo_1,Cor_2,156.5,0
Marca_72,Estilo_2,Cor_0,158.0,1
Marca_73,Estilo_3,Cor_1,159.5,0
Marca_74,Estilo_4,Cor_2,161.0,1
Marca_75,Estilo_0,Cor_0,162.5,0
Marca_76,Estilo_1,Cor_1,164.0,1
Marca_77,Estilo_2,Cor_2,165.5,0
Marca_78,Estilo_3,Cor_0,167.0,1
Marca_79,Estilo_4,Cor_1,168.5,0
Marca_80,Estilo_0,Cor_2,170.0,1
Marca_81,Estilo_1,Cor_0,171.5,0
Marca_82,Estilo_2,Cor_1,173.0,1
Marca_83,Estilo_3,Cor_2,174.5,0
Marca_84,Estilo_4,Cor_0,176.0,1
Marca_85,Estilo_0,Cor_1,177.5,0
Marca_86,Estilo_1,Cor_2,179.0,1
Marca_87,Estilo_2,Cor_0,180.5,0
Marca_88,Estilo_3,Cor_1,182.0,1
Marca_89,Estilo_4,Cor_2,183.5,0
Marca_90,Estilo_0,Cor_0,185.0,1
Marca_91,Estilo_1,Cor_1,186.5,0
Marca_92,Estilo_2,Cor_2,188.0,1
Marca_93,Estilo_3,Cor_0,189.5,0
Marca_94,Estilo_4,Cor_1,191.0,1
Marca_95,Estilo_0,Cor_2,192.5,0
Marca_96,Estilo_1,Cor_0,194.0,1
Marca_97,Estilo_2,Cor_1,195.5,0
Marca_98,Estilo_3,Cor_2,197.0,1
Marca_99,Estilo_4,Cor_0,198.5,0
Marca_100,Estilo_0,Cor_1,200.0,1
Marca_101,Estilo_1,Cor_2,201.5,0
Marca_102,Estilo_2,Cor_0,203.0,1
Marca_103,Estilo_3,Cor_1,204.5,0
Marca_104,Estilo_4,Cor_2,206.0,1
Marca_105,Estilo_0,Cor_0,207.5,0
Marca_106,Estilo_1,Cor_1,209.0,1
Marca_107,Estilo_2,Cor_2,210.5,0
Marca_108,Estilo_3,Cor_0,212.0,1
Marca_109,Estilo_4,Cor_1,213.5,0
Marca_110,Estilo_0,Cor_2,215.0,1
Marca_111,Estilo_1,Cor_0,216.5,0
Marca_112,Estilo_2,Cor_1,218.0,1
Marca_113,Estilo_3,Cor_2,219.5,0
Marca_114,Estilo_4,Cor_0,221.0,1
Marca_115,Estilo_0,Cor_1,222.5,0
Marca_116,Estilo_1,Cor_2,224.0,1
Marca_117,Estilo_2,Cor_0,225.5,0
Marca_118,Estilo_3,Cor_1,227.0,1
Marca_119,Estilo_4,Cor_2,228.5,0
Marca_120,Estilo_0,Cor_0,230.0,1
Marca_121,Estilo_1,Cor_1,231.5,0
Marca_122,Estilo_2,Cor_2,233.0,1
Marca_123,Estilo_3,Cor_0,234.5,0
Marca_124,Estilo_4,Cor_1,236.0,1
Marca_125,Estilo_0,Cor_2,237.5,0
Marca_126,Estilo_1,Cor_0,239.0,1
Marca_127,Estilo_2,Cor_1,240.5,0
Marca_128,Estilo_3,Cor_2,242.0,1
Marca_129,Estilo_4,Cor_0,243.5,0
Marca_130,Estilo_0,Cor_1,245.0,1
Marca_131,Estilo_1,Cor_2,246.5,0
Marca_132,Estilo_2,Cor_0,248.0,1
Marca_133,Estilo_3,Cor_1,249.5,0
Marca_134,Estilo_4,Cor_2,251.0,1
Marca_135,Estilo_0,Cor_0,252.5,0
Marca_136,Estilo_1,Cor_1,254.0,1
Marca_137,Estilo_2,Cor_2,255.5,0
Marca_138,Estilo_3,Cor_0,257.0,1
Marca_139,Estilo_4,Cor_1,258.5,0
Marca_140,Estilo_0,Cor_2,260.0,1
Marca_141,Estilo_1,Cor_0,261.5,0
Marca_142,Estilo_2,Cor_1,263.0,1
Marca_143,Estilo_3,Cor_2,264.5,0
Marca_144,Estilo_4,Cor_0,266.0,1
Marca_145,Estilo_0,Cor_1,267.5,0
Marca_146,Estilo_1,Cor_2,269.0,1
Marca_147,Estilo_2,Cor_0,270.5,0
Marca_148,Estilo_3,Cor_1,272.0,1
Marca_149,Estilo_4,Cor_2,273.5,0
Marca_150,Estilo_0,Cor_0,275.0,1
Marca_151,Estilo_1,Cor_1,276.5,0
Marca_152,Estilo_2,Cor_2,278.0,1
Marca_153,Estilo_3,Cor_0,279.5,0
Marca_154,Estilo_4,Cor_1,281.0,1
Marca_155,Estilo_0,Cor_2,282.5,0
Marca_156,Estilo_1,Cor_0,284.0,1
Marca_157,Estilo_2,Cor_1,285.5,0
Marca_158,Estilo_3,Cor_2,287.0,1
Marca_159,Estilo_4,Cor_0,288.5,0
Marca_160,Estilo_0,Cor_1,290.0,1
Marca_161,Estilo_1,Cor_2,291.5,0
Marca_162,Estilo_2,Cor_0,293.0,1
Marca_163,Estilo_3,Cor_1,294.5,0
Marca_164,Estilo_4,Cor_2,296.0,1
Marca_165,Estilo_0,Cor_0,297.5,0
Marca_166,Estilo_1,Cor_1,299.0,1
Marca_167,Estilo_2,Cor_2,300.5,0
Marca_168,Estilo_3,Cor_0,302.0,1
Marca_169,Estilo_4,Cor_1,303.5,0
Marca_170,Estilo_0,Cor_2,305.0,1
Marca_171,Estilo_1,Cor_0,306.5,0
Marca_172,Estilo_2,Cor_1,308.0,1
Marca_173,Estilo_3,Cor_2,309.5,0
Marca_174,Estilo_4,Cor_0,311.0,1
Marca_175,Estilo_0,Cor_1,312.5,0
Marca_176,Estilo_1,Cor_2,314.0,1
Marca_177,Estilo_2,Cor_0,315.5,0
Marca_178,Estilo_3,Cor_1,317.0,1
Marca_179,Estilo_4,Cor_2,318.5,0
Marca_180,Estilo_0,Cor_0,320.0,1
Marca_181,Estilo_1,Cor_1,321.5,0
Marca_182,Estilo_2,Cor_2,323.0,1
Marca_183,Estilo_3,Cor_0,324.5,0
Marca_184,Estilo_4,Cor_1,326.0,1
Marca_185,Estilo_0,Cor_2,327.5,0
Marca_186,Estilo_1,Cor_0,329.0,1
Marca_187,Estilo_2,Cor_1,330.5,0
Marca_188,Estilo_3,Cor_2,332.0,1
Marca_189,Estilo_4,Cor_0,333.5,0
Marca_190,Estilo_0,Cor_1,335.0,1
Marca_191,Estilo_1,Cor_2,336.5,0
Marca_192,Estilo_2,Cor_0,338.0,1
Marca_193,Estilo_3,Cor_1,339.5,0
Marca_194,Estilo_4,Cor_2,341.0,1
Marca_195,Estilo_0,Cor_0,342.5,0
Marca_196,Estilo_1,Cor_1,344.0,1
Marca_197,Estilo_2,Cor_2,345.5,0
Marca_198,Estilo_3,Cor_0,347.0,1
Marca_199,Estilo_4,Cor_1,348.5,0
Marca_200,Estilo_0,Cor_2,350.0,1
Marca_201,Estilo_1,Cor_0,351.5,0
Marca_202,Estilo_2,Cor_1,353.0,1
Marca_203,Estilo_3,Cor_2,354.5,0
Marca_204,Estilo_4,Cor_0,356.0,1
Marca_205,Estilo_0,Cor_1,357.5,0
Marca_206,Estilo_1,Cor_2,359.0,1
Marca_207,Estilo_2,Cor_0,360.5,0
Marca_208,Estilo_3,Cor_1,362.0,1
Marca_209,Estilo_4,Cor_2,363.5,0
Marca_210,Estilo_0,Cor_0,365.0,1
Marca_211,Estilo_1,Cor_1,366.5,0
Marca_212,Estilo_2,Cor_2,368.0,1
Marca_213,Estilo_3,Cor_0,369.5,0
Marca_214,Estilo_4,Cor_1,371.0,1
Marca_215,Estilo_0,Cor_2,372.5,0
Marca_216,Estilo_1,Cor_0,374.0,1
Marca_217,Estilo_2,Cor_1,375.5,0
Marca_218,Estilo_3,Cor_2,377.0,1
Marca_219,Estilo_4,Cor_0,378.5,0
Marca_220,Estilo_0,Cor_1,380.0,1
Marca_221,Estilo_1,Cor_2,381.5,0
Marca_222,Estilo_2,Cor_0,383.0,1
Marca_223,Estilo_3,Cor_1,384.5,0
Marca_224,Estilo_4,Cor_2,386.0,1
Marca_225,Estilo_0,Cor_0,387.5,0
Marca_226,Estilo_1,Cor_1,389.0,1
Marca_227,Estilo_2,Cor_2,390.5,0
Marca_228,Estilo_3,Cor_0,392.0,1
Marca_229,Estilo_4,Cor_1,393.5,0
Marca_230,Estilo_0,Cor_2,395.0,1
Marca_231,Estilo_1,Cor_0,396.5,0
Marca_232,Estilo_2,Cor_1,398.0,1
Marca_233,Estilo_3,Cor_2,399.5,0
Marca_234,Estilo_4,Cor_0,401.0,1
Marca_235,Estilo_0,Cor_1,402.5,0
Marca_236,Estilo_1,Cor_2,404.0,1
Marca_237,Estilo_2,Cor_0,405.5,0
Marca_238,Estilo_3,Cor_1,407.0,1
Marca_239,Estilo_4,Cor_2,408.5,0
Marca_240,Estilo_0,Cor_0,410.0,1
Marca_241,Estilo_1,Cor_1,411.5,0
Marca_242,Estilo_2,Cor_2,413.0,1
Marca_243,Estilo_3,Cor_0,414.5,0
Marca_244,Estilo_4,Cor_1,416.0,1
Marca_245,Estilo_0,Cor_2,417.5,0
Marca_246,Estilo_1,Cor_0,419.0,1
Marca_247,Estilo_2,Cor_1,420.5,0
Marca_248,Estilo_3,Cor_2,422.0,1
Marca_249,Estilo_4,Cor_0,423.5,0
Marca_250,Estilo_0,Cor_1,425.0,1
Marca_251,Estilo_1,Cor_2,426.5,0
Marca_252,Estilo_2,Cor_0,428.0,1
Marca_253,Estilo_3,Cor_1,429.5,0
Marca_254,Estilo_4,Cor_2,431.0,1
Marca_255,Estilo_0,Cor_0,432.5,0
Marca_256,Estilo_1,Cor_1,434.0,1
Marca_257,Estilo_2,Cor_2,435.5,0
Marca_258,Estilo_3,Cor_0,437.0,1
Marca_259,Estilo_4,Cor_1,438.5,0
Marca_260,Estilo_0,Cor_2,440.0,1
Marca_261,Estilo_1,Cor_0,441.5,0
Marca_262,Estilo_2,Cor_1,443.0,1
Marca_263,Estilo_3,Cor_2,444.5,0
Marca_264,Estilo_4,Cor_0,446.0,1
Marca_265,Estilo_0,Cor_1,447.5,0
Marca_266,Estilo_1,Cor_2,449.0,1
Marca_267,Estilo_2,Cor_0,450.5,0
Marca_268,Estilo_3,Cor_1,452.0,1
Marca_269,Estilo_4,Cor_2,453.5,0
Marca_270,Estilo_0,Cor_0,455.0,1
Marca_271,Estilo_1,Cor_1,456.5,0
Marca_272,Estilo_2,Cor_2,458.0,1
Marca_273,Estilo_3,Cor_0,459.5,0
Marca_274,Estilo_4,Cor_1,461.0,1
Marca_275,Estilo_0,Cor_2,462.5,0
Marca_276,Estilo_1,Cor_0,464.0,1
Marca_277,Estilo_2,Cor_1,465.5,0
Marca_278,Estilo_3,Cor_2,467.0,1
Marca_279,Estilo_4,Cor_0,468.5,0
Marca_280,Estilo_0,Cor_1,470.0,1
Marca_281,Estilo_1,Cor_2,471.5,0
Marca_282,Estilo_2,Cor_0,473.0,1
Marca_283,Estilo_3,Cor_1,474.5,0
Marca_284,Estilo_4,Cor_2,476.0,1
Marca_285,Estilo_0,Cor_0,477.5,0
Marca_286,Estilo_1,Cor_1,479.0,1
Marca_287,Estilo_2,Cor_2,480.5,0
Marca_288,Estilo_3,Cor_0,482.0,1
Marca_289,Estilo_4,Cor_1,483.5,0
Marca_290,Estilo_0,Cor_2,485.0,1
Marca_291,Estilo_1,Cor_0,486.5,0
Marca_292,Estilo_2,Cor_1,488.0,1
Marca_293,Estilo_3,Cor_2,489.5,0
Marca_294,Estilo_4,Cor_0,491.0,1
Marca_295,Estilo_0,Cor_1,492.5,0
Marca_296,Estilo_1,Cor_2,494.0,1
Marca_297,Estilo_2,Cor_0,495.5,0
Marca_298,Estilo_3,Cor_1,497.0,1
Marca_299,Estilo_4,Cor_2,498.5,0
Marca_300,Estilo_0,Cor_0,500.0,1
Marca_301,Estilo_1,Cor_1,501.5,0
Marca_302,Estilo_2,Cor_2,503.0,1
Marca_303,Estilo_3,Cor_0,504.5,0
Marca_304,Estilo_4,Cor_1,506.0,1
Marca_305,Estilo_0,Cor_2,507.5,0
Marca_306,Estilo_1,Cor_0,509.0,1
Marca_307,Estilo_2,Cor_1,510.5,0
Marca_308,Estilo_3,Cor_2,512.0,1
Marca_309,Estilo_4,Cor_0,513.5,0
Marca_310,Estilo_0,Cor_1,515.0,1
Marca_311,Estilo_1,Cor_2,516.5,0
Marca_312,Estilo_2,Cor_0,518.0,1
Marca_313,Estilo_3,Cor_1,519.5,0
Marca_314,Estilo_4,Cor_2,521.0,1
Marca_315,Estilo_0,Cor_0,522.5,0
Marca_316,Estilo_1,Cor_1,524.0,1
Marca_317,Estilo_2,Cor_2,525.5,0
Marca_318,Estilo_3,Cor_0,527.0,1
Marca_319,Estilo_4,Cor_1,528.5,0
Marca_320,Estilo_0,Cor_2,530.0,1
Marca_321,Estilo_1,Cor_0,531.5,0
Marca_322,Estilo_2,Cor_1,533.0,1
Marca_323,Estilo_3,Cor_2,534.5,0
Marca_324,Estilo_4,Cor_0,536.0,1
Marca_325,Estilo_0,Cor_1,537.5,0
Marca_326,Estilo_1,Cor_2,539.0,1
Marca_327,Estilo_2,Cor_0,540.5,0
Marca_328,Estilo_3,Cor_1,542.0,1
Marca_329,Estilo_4,Cor_2,543.5,0
Marca_330,Estilo_0,Cor_0,545.0,1
Marca_331,Estilo_1,Cor_1,546.5,0
Marca_332,Estilo_2,Cor_2,548.0,1
Marca_333,Estilo_3,Cor_0,549.5,0
Marca_334,Estilo_4,Cor_1,551.0,1
Marca_335,Estilo_0,Cor_2,552.5,0
Marca_336,Estilo_1,Cor_0,554.0,1
Marca_337,Estilo_2,Cor_1,555.5,0
Marca_338,Estilo_3,Cor_2,557.0,1
Marca_339,Estilo_4,Cor_0,558.5,0
Marca_340,Estilo_0,Cor_1,560.0,1
Marca_341,Estilo_1,Cor_2,561.5,0
Marca_342,Estilo_2,Cor_0,563.0,1
Marca_343,Estilo_3,Cor_1,564.5,0
Marca_344,Estilo_4,Cor_2,566.0,1
Marca_345,Estilo_0,Cor_0,567.5,0
Marca_346,Estilo_1,Cor_1,569.0,1
Marca_347,Estilo_2,Cor_2,570.5,0
Marca_348,Estilo_3,Cor_0,572.0,1
Marca_349,Estilo_4,Cor_1,573.5,0
Marca_350,Estilo_0,Cor_2,575.0,1
Marca_351,Estilo_1,Cor_0,576.5,0
Marca_352,Estilo_2,Cor_1,578.0,1
Marca_353,Estilo_3,Cor_2,579.5,0
Marca_354,Estilo_4,Cor_0,581.0,1
Marca_355,Estilo_0,Cor_1,582.5,0
Marca_356,Estilo_1,Cor_2,584.0,1
Marca_357,Estilo_2,Cor_0,585.5,0
Marca_358,Estilo_3,Cor_1,587.0,1
Marca_359,Estilo_4,Cor_2,588.5,0
Marca_360,Estilo_0,Cor_0,590.0,1
Marca_361,Estilo_1,Cor_1,591.5,0
Marca_362,Estilo_2,Cor_2,593.0,1
Marca_363,Estilo_3,Cor_0,594.5,0
Marca_364,Estilo_4,Cor_1,596.0,1
Marca_365,Estilo_0,Cor_2,597.5,0
Marca_366,Estilo_1,Cor_0,599.0,1
Marca_367,Estilo_2,Cor_1,600.5,0
Marca_368,Estilo_3,Cor_2,602.0,1
Marca_369,Estilo_4,Cor_0,603.5,0
Marca_370,Estilo_0,Cor_1,605.0,1
Marca_371,Estilo_1,Cor_2,606.5,0
Marca_372,Estilo_2,Cor_0,608.0,1
Marca_373,Estilo_3,Cor_1,609.5,0
Marca_374,Estilo_4,Cor_2,611.0,1
Marca_375,Estilo_0,Cor_0,612.5,0
Marca_376,Estilo_1,Cor_1,614.0,1
Marca_377,Estilo_2,Cor_2,615.5,0
Marca_378,Estilo_3,Cor_0,617.0,1
Marca_379,Estilo_4,Cor_1,618.5,0
Marca_380,Estilo_0,Cor_2,620.0,1
Marca_381,Estilo_1,Cor_0,621.5,0
Marca_382,Estilo_2,Cor_1,623.0,1
Marca_383,Estilo_3,Cor_2,624.5,0
Marca_384,Estilo_4,Cor_0,626.0,1
Marca_385,Estilo_0,Cor_1,627.5,0
Marca_386,Estilo_1,Cor_2,629.0,1
Marca_387,Estilo_2,Cor_0,630.5,0
Marca_388,Estilo_3,Cor_1,632.0,1
Marca_389,Estilo_4,Cor_2,633.5,0
Marca_390,Estilo_0,Cor_0,635.0,1
Marca_391,Estilo_1,Cor_1,636.5,0
Marca_392,Estilo_2,Cor_2,638.0,1
Marca_393,Estilo_3,Cor_0,639.5,0
Marca_394,Estilo_4,Cor_1,641.0,1
Marca_395,Estilo_0,Cor_2,642.5,0
Marca_396,Estilo_1,Cor_0,644.0,1
Marca_397,Estilo_2,Cor_1,645.5,0
Marca_398,Estilo_3,Cor_2,647.0,1
Marca_399,Estilo_4,Cor_0,648.5,0
Marca_400,Estilo_0,Cor_1,650.0,1
Marca_401,Estilo_1,Cor_2,651.5,0
Marca_402,Estilo_2,Cor_0,653.0,1
Marca_403,Estilo_3,Cor_1,654.5,0
Marca_404,Estilo_4,Cor_2,656.0,1
Marca_405,Estilo_0,Cor_0,657.5,0
Marca_406,Estilo_1,Cor_1,659.0,1
Marca_407,Estilo_2,Cor_2,660.5,0
Marca_408,Estilo_3,Cor_0,662.0,1
Marca_409,Estilo_4,Cor_1,663.5,0
Marca_410,Estilo_0,Cor_2,665.0,1
Marca_411,Estilo_1,Cor_0,666.5,0
Marca_412,Estilo_2,Cor_1,668.0,1
Marca_413,Estilo_3,Cor_2,669.5,0
Marca_414,Estilo_4,Cor_0,671.0,1
Marca_415,Estilo_0,Cor_1,672.5,0
Marca_416,Estilo_1,Cor_2,674.0,1
Marca_417,Estilo_2,Cor_0,675.5,0
Marca_418,Estilo_3,Cor_1,677.0,1
Marca_419,Estilo_4,Cor_2,678.5,0
Marca_420,Estilo_0,Cor_0,680.0,1
Marca_421,Estilo_1,Cor_1,681.5,0
Marca_422,Estilo_2,Cor_2,683.0,1
Marca_423,Estilo_3,Cor_0,684.5,0
Marca_424,Estilo_4,Cor_1,686.0,1
Marca_425,Estilo_0,Cor_2,687.5,0
Marca_426,Estilo_1,Cor_0,689.0,1
Marca_427,Estilo_2,Cor_1,690.5,0
Marca_428,Estilo_3,Cor_2,692.0,1
Marca_429,Estilo_4,Cor_0,693.5,0
Marca_430,Estilo_0,Cor_1,695.0,1
Marca_431,Estilo_1,Cor_2,696.5,0
Marca_432,Estilo_2,Cor_0,698.0,1
Marca_433,Estilo_3,Cor_1,699.5,0
Marca_434,Estilo_4,Cor_2,701.0,1
Marca_435,Estilo_0,Cor_0,702.5,0
Marca_436,Estilo_1,Cor_1,704.0,1
Marca_437,Estilo_2,Cor_2,705.5,0
Marca_438,Estilo_3,Cor_0,707.0,1
Marca_439,Estilo_4,Cor_1,708.5,0
Marca_440,Estilo_0,Cor_2,710.0,1
Marca_441,Estilo_1,Cor_0,711.5,0
Marca_442,Estilo_2,Cor_1,713.0,1
Marca_443,Estilo_3,Cor_2,714.5,0
Marca_444,Estilo_4,Cor_0,716.0,1
Marca_445,Estilo_0,Cor_1,717.5,0
Marca_446,Estilo_1,Cor_2,719.0,1
Marca_447,Estilo_2,Cor_0,720.5,0
Marca_448,Estilo_3,Cor_1,722.0,1
Marca_449,Estilo_4,Cor_2,723.5,0
Marca_450,Estilo_0,Cor_0,725.0,1
Marca_451,Estilo_1,Cor_1,726.5,0
Marca_452,Estilo_2,Cor_2,728.0,1
Marca_453,Estilo_3,Cor_0,729.5,0
Marca_454,Estilo_4,Cor_1,731.0,1
Marca_455,Estilo_0,Cor_2,732.5,0
Marca_456,Estilo_1,Cor_0,734.0,1
Marca_457,Estilo_2,Cor_1,735.5,0
Marca_458,Estilo_3,Cor_2,737.0,1
Marca_459,Estilo_4,Cor_0,738.5,0
Marca_460,Estilo_0,Cor_1,740.0,1
Marca_461,Estilo_1,Cor_2,741.5,0
Marca_462,Estilo_2,Cor_0,743.0,1
Marca_463,Estilo_3,Cor_1,744.5,0
Marca_464,Estilo_4,Cor_2,746.0,1
Marca_465,Estilo_0,Cor_0,747.5,0
Marca_466,Estilo_1,Cor_1,749.0,1
Marca_467,Estilo_2,Cor_2,750.5,0
Marca_468,Estilo_3,Cor_0,752.0,1
Marca_469,Estilo_4,Cor_1,753.5,0
Marca_470,Estilo_0,Cor_2,755.0,1
Marca_471,Estilo_1,Cor_0,756.5,0
Marca_472,Estilo_2,Cor_1,758.0,1
Marca_473,Estilo_3,Cor_2,759.5,0
Marca_474,Estilo_4,Cor_0,761.0,1
Marca_475,Estilo_0,Cor_1,762.5,0
Marca_476,Estilo_1,Cor_2,764.0,1
Marca_477,Estilo_2,Cor_0,765.5,0
Marca_478,Estilo_3,Cor_1,767.0,1
Marca_479,Estilo_4,Cor_2,768.5,0
Marca_480,Estilo_0,Cor_0,770.0,1
Marca_481,Estilo_1,Cor_1,771.5,0
Marca_482,Estilo_2,Cor_2,773.0,1
Marca_483,Estilo_3,Cor_0,774.5,0
Marca_484,Estilo_4,Cor_1,776.0,1
Marca_485,Estilo_0,Cor_2,777.5,0
Marca_486,Estilo_1,Cor_0,779.0,1
Marca_487,Estilo_2,Cor_1,780.5,0
Marca_488,Estilo_3,Cor_2,782.0,1
Marca_489,Estilo_4,Cor_0,783.5,0
Marca_490,Estilo_0,Cor_1,785.0,1
Marca_491,Estilo_1,Cor_2,786.5,0
Marca_492,Estilo_2,Cor_0,788.0,1
Marca_493,Estilo_3,Cor_1,789.5,0
Marca_494,Estilo_4,Cor_2,791.0,1
Marca_495,Estilo_0,Cor_0,792.5,0
Marca_496,Estilo_1,Cor_1,794.0,1
Marca_497,Estilo_2,Cor_2,795.5,0
Marca_498,Estilo_3,Cor_0,797.0,1
Marca_499,Estilo_4,Cor_1,798.5,0
Marca_500,Estilo_0,Cor_2,800.0,1
Marca_501,Estilo_1,Cor_0,801.5,0
Marca_502,Estilo_2,Cor_1,803.0,1
Marca_503,Estilo_3,Cor_2,804.5,0
Marca_504,Estilo_4,Cor_0,806.0,1
Marca_505,Estilo_0,Cor_1,807.5,0
Marca_506,Estilo_1,Cor_2,809.0,1
Marca_507,Estilo_2,Cor_0,810.5,0
Marca_508,Estilo_3,Cor_1,812.0,1
Marca_509,Estilo_4,Cor_2,813.5,0
Marca_510,Estilo_0,Cor_0,815.0,1
Marca_511,Estilo_1,Cor_1,816.5,0
Marca_512,Estilo_2,Cor_2,818.0,1
Marca_513,Estilo_3,Cor_0,819.5,0
Marca_514,Estilo_4,Cor_1,821.0,1
Marca_515,Estilo_0,Cor_2,822.5,0
Marca_516,Estilo_1,Cor_0,824.0,1
Marca_517,Estilo_2,Cor_1,825.5,0
Marca_518,Estilo_3,Cor_2,827.0,1
Marca_519,Estilo_4,Cor_0,828.5,0
Marca_520,Estilo_0,Cor_1,830.0,1
Marca_521,Estilo_1,Cor_2,831.5,0
Marca_522,Estilo_2,Cor_0,833.0,1
Marca_523,Estilo_3,Cor_1,834.5,0
Marca_524,Estilo_4,Cor_2,836.0,1
Marca_525,Estilo_0,Cor_0,837.5,0
Marca_526,Estilo_1,Cor_1,839.0,1
Marca_527,Estilo_2,Cor_2,840.5,0
Marca_528,Estilo_3,Cor_0,842.0,1
Marca_529,Estilo_4,Cor_1,843.5,0
Marca_530,Estilo_0,Cor_2,845.0,1
Marca_531,Estilo_1,Cor_0,846.5,0
Marca_532,Estilo_2,Cor_1,848.0,1
Marca_533,Estilo_3,Cor_2,849.5,0
Marca_534,Estilo_4,Cor_0,851.0,1
Marca_535,Estilo_0,Cor_1,852.5,0
Marca_536,Estilo_1,Cor_2,854.0,1
Marca_537,Estilo_2,Cor_0,855.5,0
Marca_538,Estilo_3,Cor_1,857.0,1
Marca_539,Estilo_4,Cor_2,858.5,0
Marca_540,Estilo_0,Cor_0,860.0,1
Marca_541,Estilo_1,Cor_1,861.5,0
Marca_542,Estilo_2,Cor_2,863.0,1
Marca_543,Estilo_3,Cor_0,864.5,0
Marca_544,Estilo_4,Cor_1,866.0,1
Marca_545,Estilo_0,Cor_2,867.5,0
Marca_546,Estilo_1,Cor_0,869.0,1
Marca_547,Estilo_2,Cor_1,870.5,0
Marca_548,Estilo_3,Cor_2,872.0,1
Marca_549,Estilo_4,Cor_0,873.5,0
Marca_550,Estilo_0,Cor_1,875.0,1
Marca_551,Estilo_1,Cor_2,876.5,0
Marca_552,Estilo_2,Cor_0,878.0,1
Marca_553,Estilo_3,Cor_1,879.5,0
Marca_554,Estilo_4,Cor_2,881.0,1
Marca_555,Estilo_0,Cor_0,882.5,0
Marca_556,Estilo_1,Cor_1,884.0,1
Marca_557,Estilo_2,Cor_2,885.5,0
Marca_558,Estilo_3,Cor_0,887.0,1
Marca_559,Estilo_4,Cor_1,888.5,0
Marca_560,Estilo_0,Cor_2,890.0,1
Marca_561,Estilo_1,Cor_0,891.5,0
Marca_562,Estilo_2,Cor_1,893.0,1
Marca_563,Estilo_3,Cor_2,894.5,0
Marca_564,Estilo_4,Cor_0,896.0,1
Marca_565,Estilo_0,Cor_1,897.5,0
Marca_566,Estilo_1,Cor_2,899.0,1
Marca_567,Estilo_2,Cor_0,900.5,0
Marca_568,Estilo_3,Cor_1,902.0,1
Marca_569,Estilo_4,Cor_2,903.5,0
Marca_570,Estilo_0,Cor_0,905.0,1
Marca_571,Estilo_1,Cor_1,906.5,0
Marca_572,Estilo_2,Cor_2,908.0,1
Marca_573,Estilo_3,Cor_0,909.5,0
Marca_574,Estilo_4,Cor_1,911.0,1
Marca_575,Estilo_0,Cor_2,912.5,0
Marca_576,Estilo_1,Cor_0,914.0,1
Marca_577,Estilo_2,Cor_1,915.5,0
Marca_578,Estilo_3,Cor_2,917.0,1
Marca_579,Estilo_4,Cor_0,918.5,0
Marca_580,Estilo_0,Cor_1,920.0,1
Marca_581,Estilo_1,Cor_2,921.5,0
Marca_582,Estilo_2,Cor_0,923.0,1
Marca_583,Estilo_3,Cor_1,924.5,0
Marca_584,Estilo_4,Cor_2,926.0,1
Marca_585,Estilo_0,Cor_0,927.5,0
Marca_586,Estilo_1,Cor_1,929.0,1
Marca_587,Estilo_2,Cor_2,930.5,0
Marca_588,Estilo_3,Cor_0,932.0,1
Marca_589,Estilo_4,Cor_1,933.5,0
Marca_590,Estilo_0,Cor_2,935.0,1
Marca_591,Estilo_1,Cor_0,936.5,0
Marca_592,Estilo_2,Cor_1,938.0,1
Marca_593,Estilo_3,Cor_2,939.5,0
Marca_594,Estilo_4,Cor_0,941.0,1
Marca_595,Estilo_0,Cor_1,942.5,0
Marca_596,Estilo_1,Cor_2,944.0,1
Marca_597,Estilo_2,Cor_0,945.5,0
Marca_598,Estilo_3,Cor_1,947.0,1
Marca_599,Estilo_4,Cor_2,948.5,0
Marca_600,Estilo_0,Cor_0,950.0,1
Marca_601,Estilo_1,Cor_1,951.5,0
Marca_602,Estilo_2,Cor_2,953.0,1
Marca_603,Estilo_3,Cor_0,954.5,0
Marca_604,Estilo_4,Cor_1,956.0,1
Marca_605,Estilo_0,Cor_2,957.5,0
Marca_606,Estilo_1,Cor_0,959.0,1
Marca_607,Estilo_2,Cor_1,960.5,0
Marca_608,Estilo_3,Cor_2,962.0,1
Marca_609,Estilo_4,Cor_0,963.5,0
Marca_610,Estilo_0,Cor_1,965.0,1
Marca_611,Estilo_1,Cor_2,966.5,0
Marca_612,Estilo_2,Cor_0,968.0,1
Marca_613,Estilo_3,Cor_1,969.5,0
Marca_614,Estilo_4,Cor_2,971.0,1
Marca_615,Estilo_0,Cor_0,972.5,0
Marca_616,Estilo_1,Cor_1,974.0,1
Marca_617,Estilo_2,Cor_2,975.5,0
Marca_618,Estilo_3,Cor_0,977.0,1
Marca_619,Estilo_4,Cor_1,978.5,0
Marca_620,Estilo_0,Cor_2,980.0,1
Marca_621,Estilo_1,Cor_0,981.5,0
Marca_622,Estilo_2,Cor_1,983.0,1
Marca_623,Estilo_3,Cor_2,984.5,0
Marca_624,Estilo_4,Cor_0,986.0,1
Marca_625,Estilo_0,Cor_1,987.5,0
Marca_626,Estilo_1,Cor_2,989.0,1
Marca_627,Estilo_2,Cor_0,990.5,0
Marca_628,Estilo_3,Cor_1,992.0,1
Marca_629,Estilo_4,Cor_2,993.5,0
Marca_630,Estilo_0,Cor_0,995.0,1
Marca_631,Estilo_1,Cor_1,996.5,0
Marca_632,Estilo_2,Cor_2,998.0,1
Marca_633,Estilo_3,Cor_0,999.5,0
Marca_634,Estilo_4,Cor_1,1001.0,1
Marca_635,Estilo_0,Cor_2,1002.5,0
Marca_636,Estilo_1,Cor_0,1004.0,1
Marca_637,Estilo_2,Cor_1,1005.5,0
Marca_638,Estilo_3,Cor_2,1007.0,1
Marca_639,Estilo_4,Cor_0,1008.5,0
Marca_640,Estilo_0,Cor_1,1010.0,1
Marca_641,Estilo_1,Cor_2,1011.5,0
Marca_642,Estilo_2,Cor_0,1013.0,1
Marca_643,Estilo_3,Cor_1,1014.5,0
Marca_644,Estilo_4,Cor_2,1016.0,1
Marca_645,Estilo_0,Cor_0,1017.5,0
Marca_646,Estilo_1,Cor_1,1019.0,1
Marca_647,Estilo_2,Cor_2,1020.5,0
Marca_648,Estilo_3,Cor_0,1022.0,1
Marca_649,Estilo_4,Cor_1,1023.5,0
Marca_650,Estilo_0,Cor_2,1025.0,1
Marca_651,Estilo_1,Cor_0,1026.5,0
Marca_652,Estilo_2,Cor_1,1028.0,1
Marca_653,Estilo_3,Cor_2,1029.5,0
Marca_654,Estilo_4,Cor_0,1031.0,1
Marca_655,Estilo_0,Cor_1,1032.5,0
Marca_656,Estilo_1,Cor_2,1034.0,1
Marca_657,Estilo_2,Cor_0,1035.5,0
Marca_658,Estilo_3,Cor_1,1037.0,1
Marca_659,Estilo_4,Cor_2,1038.5,0
Marca_660,Estilo_0,Cor_0,1040.0,1
Marca_661,Estilo_1,Cor_1,1041.5,0
Marca_662,Estilo_2,Cor_2,1043.0,1
Marca_663,Estilo_3,Cor_0,1044.5,0
Marca_664,Estilo_4,Cor_1,1046.0,1
Marca_665,Estilo_0,Cor_2,1047.5,0
Marca_666,Estilo_1,Cor_0,1049.0,1
Marca_667,Estilo_2,Cor_1,1050.5,0
Marca_668,Estilo_3,Cor_2,1052.0,1
Marca_669,Estilo_4,Cor_0,1053.5,0
Marca_670,Estilo_0,Cor_1,1055.0,1
Marca_671,Estilo_1,Cor_2,1056.5,0
Marca_672,Estilo_2,Cor_0,1058.0,1
Marca_673,Estilo_3,Cor_1,1059.5,0
Marca_674,Estilo_4,Cor_2,1061.0,1
Marca_675,Estilo_0,Cor_0,1062.5,0
Marca_676,Estilo_1,Cor_1,1064.0,1
Marca_677,Estilo_2,Cor_2,1065.5,0
Marca_678,Estilo_3,Cor_0,1067.0,1
Marca_679,Estilo_4,Cor_1,1068.5,0
Marca_680,Estilo_0,Cor_2,1070.0,1
Marca_681,Estilo_1,Cor_0,1071.5,0
Marca_682,Estilo_2,Cor_1,1073.0,1
Marca_683,Estilo_3,Cor_2,1074.5,0
Marca_684,Estilo_4,Cor_0,1076.0,1
Marca_685,Estilo_0,Cor_1,1077.5,0
Marca_686,Estilo_1,Cor_2,1079.0,1
Marca_687,Estilo_2,Cor_0,1080.5,0
Marca_688,Estilo_3,Cor_1,1082.0,1
Marca_689,Estilo_4,Cor_2,1083.5,0
Marca_690,Estilo_0,Cor_0,1085.0,1
Marca_691,Estilo_1,Cor_1,1086.5,0
Marca_692,Estilo_2,Cor_2,1088.0,1
Marca_693,Estilo_3,Cor_0,1089.5,0
Marca_694,Estilo_4,Cor_1,1091.0,1
Marca_695,Estilo_0,Cor_2,1092.5,0
Marca_696,Estilo_1,Cor_0,1094.0,1
Marca_697,Estilo_2,Cor_1,1095.5,0
Marca_698,Estilo_3,Cor_2,1097.0,1
Marca_699,Estilo_4,Cor_0,1098.5,0
Marca_700,Estilo_0,Cor_1,1100.0,1
Marca_701,Estilo_1,Cor_2,1101.5,0
Marca_702,Estilo_2,Cor_0,1103.0,1
Marca_703,Estilo_3,Cor_1,1104.5,0
Marca_704,Estilo_4,Cor_2,1106.0,1
Marca_705,Estilo_0,Cor_0,1107.5,0
Marca_706,Estilo_1,Cor_1,1109.0,1
Marca_707,Estilo_2,Cor_2,1110.5,0
Marca_708,Estilo_3,Cor_0,1112.0,1
Marca_709,Estilo_4,Cor_1,1113.5,0
Marca_710,Estilo_0,Cor_2,1115.0,1
Marca_711,Estilo_1,Cor_0,1116.5,0
Marca_712,Estilo_2,Cor_1,1118.0,1
Marca_713,Estilo_3,Cor_2,1119.5,0
Marca_714,Estilo_4,Cor_0,1121.0,1
Marca_715,Estilo_0,Cor_1,1122.5,0
Marca_716,Estilo_1,Cor_2,1124.0,1
Marca_717,Estilo_2,Cor_0,1125.5,0
Marca_718,Estilo_3,Cor_1,1127.0,1
Marca_719,Estilo_4,Cor_2,1128.5,0
Marca_720,Estilo_0,Cor_0,1130.0,1
Marca_721,Estilo_1,Cor_1,1131.5,0
Marca_722,Estilo_2,Cor_2,1133.0,1
Marca_723,Estilo_3,Cor_0,1134.5,0
Marca_724,Estilo_4,Cor_1,1136.0,1
Marca_725,Estilo_0,Cor_2,1137.5,0
Marca_726,Estilo_1,Cor_0,1139.0,1
Marca_727,Estilo_2,Cor_1,1140.5,0
Marca_728,Estilo_3,Cor_2,1142.0,1
Marca_729,Estilo_4,Cor_0,1143.5,0
Marca_730,Estilo_0,Cor_1,1145.0,1
Marca_731,Estilo_1,Cor_2,1146.5,0
Marca_732,Estilo_2,Cor_0,1148.0,1
Marca_733,Estilo_3,Cor_1,1149.5,0
Marca_734,Estilo_4,Cor_2,1151.0,1
Marca_735,Estilo_0,Cor_0,1152.5,0
Marca_736,Estilo_1,Cor_1,1154.0,1
Marca_737,Estilo_2,Cor_2,1155.5,0
Marca_738,Estilo_3,Cor_0,1157.0,1
Marca_739,Estilo_4,Cor_1,1158.5,0
Marca_740,Estilo_0,Cor_2,1160.0,1
Marca_741,Estilo_1,Cor_0,1161.5,0
Marca_742,Estilo_2,Cor_1,1163.0,1
Marca_743,Estilo_3,Cor_2,1164.5,0
Marca_744,Estilo_4,Cor_0,1166.0,1
Marca_745,Estilo_0,Cor_1,1167.5,0
Marca_746,Estilo_1,Cor_2,1169.0,1
Marca_747,Estilo_2,Cor_0,1170.5,0
Marca_748,Estilo_3,Cor_1,1172.0,1
Marca_749,Estilo_4,Cor_2,1173.5,0
Marca_750,Estilo_0,Cor_0,1175.0,1
Marca_751,Estilo_1,Cor_1,1176.5,0
Marca_752,Estilo_2,Cor_2,1178.0,1
Marca_753,Estilo_3,Cor_0,1179.5,0
Marca_754,Estilo_4,Cor_1,1181.0,1
Marca_755,Estilo_0,Cor_2,1182.5,0
Marca_756,Estilo_1,Cor_0,1184.0,1
Marca_757,Estilo_2,Cor_1,1185.5,0
Marca_758,Estilo_3,Cor_2,1187.0,1
Marca_759,Estilo_4,Cor_0,1188.5,0
Marca_760,Estilo_0,Cor_1,1190.0,1
Marca_761,Estilo_1,Cor_2,1191.5,0
Marca_762,Estilo_2,Cor_0,1193.0,1
Marca_763,Estilo_3,Cor_1,1194.5,0
Marca_764,Estilo_4,Cor_2,1196.0,1
Marca_765,Estilo_0,Cor_0,1197.5,0
Marca_766,Estilo_1,Cor_1,1199.0,1
Marca_767,Estilo_2,Cor_2,1200.5,0
Marca_768,Estilo_3,Cor_0,1202.0,1
Marca_769,Estilo_4,Cor_1,1203.5,0
Marca_770,Estilo_0,Cor_2,1205.0,1
Marca_771,Estilo_1,Cor_0,1206.5,0
Marca_772,Estilo_2,Cor_1,1208.0,1
Marca_773,Estilo_3,Cor_2,1209.5,0
Marca_774,Estilo_4,Cor_0,1211.0,1
Marca_775,Estilo_0,Cor_1,1212.5,0
Marca_776,Estilo_1,Cor_2,1214.0,1
Marca_777,Estilo_2,Cor_0,1215.5,0
Marca_778,Estilo_3,Cor_1,1217.0,1
Marca_779,Estilo_4,Cor_2,1218.5,0
Marca_780,Estilo_0,Cor_0,1220.0,1
Marca_781,Estilo_1,Cor_1,1221.5,0
Marca_782,Estilo_2,Cor_2,1223.0,1
Marca_783,Estilo_3,Cor_0,1224.5,0
Marca_784,Estilo_4,Cor_1,1226.0,1
Marca_785,Estilo_0,Cor_2,1227.5,0
Marca_786,Estilo_1,Cor_0,1229.0,1
Marca_787,Estilo_2,Cor_1,1230.5,0
Marca_788,Estilo_3,Cor_2,1232.0,1
Marca_789,Estilo_4,Cor_0,1233.5,0
Marca_790,Estilo_0,Cor_1,1235.0,1
Marca_791,Estilo_1,Cor_2,1236.5,0
Marca_792,Estilo_2,Cor_0,1238.0,1
Marca_793,Estilo_3,Cor_1,1239.5,0
Marca_794,Estilo_4,Cor_2,1241.0,1
Marca_795,Estilo_0,Cor_0,1242.5,0
Marca_796,Estilo_1,Cor_1,1244.0,1
Marca_797,Estilo_2,Cor_2,1245.5,0
Marca_798,Estilo_3,Cor_0,1247.0,1
Marca_799,Estilo_4,Cor_1,1248.5,0
Marca_800,Estilo_0,Cor_2,1250.0,1
Marca_801,Estilo_1,Cor_0,1251.5,0
Marca_802,Estilo_2,Cor_1,1253.0,1
Marca_803,Estilo_3,Cor_2,1254.5,0
Marca_804,Estilo_4,Cor_0,1256.0,1
Marca_805,Estilo_0,Cor_1,1257.5,0
Marca_806,Estilo_1,Cor_2,1259.0,1
Marca_807,Estilo_2,Cor_0,1260.5,0
Marca_808,Estilo_3,Cor_1,1262.0,1
Marca_809,Estilo_4,Cor_2,1263.5,0
Marca_810,Estilo_0,Cor_0,1265.0,1
Marca_811,Estilo_1,Cor_1,1266.5,0
Marca_812,Estilo_2,Cor_2,1268.0,1
Marca_813,Estilo_3,Cor_0,1269.5,0
Marca_814,Estilo_4,Cor_1,1271.0,1
Marca_815,Estilo_0,Cor_2,1272.5,0
Marca_816,Estilo_1,Cor_0,1274.0,1
Marca_817,Estilo_2,Cor_1,1275.5,0
Marca_818,Estilo_3,Cor_2,1277.0,1
Marca_819,Estilo_4,Cor_0,1278.5,0
Marca_820,Estilo_0,Cor_1,1280.0,1
Marca_821,Estilo_1,Cor_2,1281.5,0
Marca_822,Estilo_2,Cor_0,1283.0,1
Marca_823,Estilo_3,Cor_1,1284.5,0
Marca_824,Estilo_4,Cor_2,1286.0,1
Marca_825,Estilo_0,Cor_0,1287.5,0
Marca_826,Estilo_1,Cor_1,1289.0,1
Marca_827,Estilo_2,Cor_2,1290.5,0
Marca_828,Estilo_3,Cor_0,1292.0,1
Marca_829,Estilo_4,Cor_1,1293.5,0
Marca_830,Estilo_0,Cor_2,1295.0,1
Marca_831,Estilo_1,Cor_0,1296.5,0
Marca_832,Estilo_2,Cor_1,1298.0,1
Marca_833,Estilo_3,Cor_2,1299.5,0
Marca_834,Estilo_4,Cor_0,1301.0,1
Marca_835,Estilo_0,Cor_1,1302.5,0
Marca_836,Estilo_1,Cor_2,1304.0,1
Marca_837,Estilo_2,Cor_0,1305.5,0
Marca_838,Estilo_3,Cor_1,1307.0,1
Marca_839,Estilo_4,Cor_2,1308.5,0
Marca_840,Estilo_0,Cor_0,1310.0,1
Marca_841,Estilo_1,Cor_1,1311.5,0
Marca_842,Estilo_2,Cor_2,1313.0,1
Marca_843,Estilo_3,Cor_0,1314.5,0
Marca_844,Estilo_4,Cor_1,1316.0,1
Marca_845,Estilo_0,Cor_2,1317.5,0
Marca_846,Estilo_1,Cor_0,1319.0,1
Marca_847,Estilo_2,Cor_1,1320.5,0
Marca_848,Estilo_3,Cor_2,1322.0,1
Marca_849,Estilo_4,Cor_0,1323.5,0
Marca_850,Estilo_0,Cor_1,1325.0,1
Marca_851,Estilo_1,Cor_2,1326.5,0
Marca_852,Estilo_2,Cor_0,1328.0,1
Marca_853,Estilo_3,Cor_1,1329.5,0
Marca_854,Estilo_4,Cor_2,1331.0,1
Marca_855,Estilo_0,Cor_0,1332.5,0
Marca_856,Estilo_1,Cor_1,1334.0,1
Marca_857,Estilo_2,Cor_2,1335.5,0
Marca_858,Estilo_3,Cor_0,1337.0,1
Marca_859,Estilo_4,Cor_1,1338.5,0
Marca_860,Estilo_0,Cor_2,1340.0,1
Marca_861,Estilo_1,Cor_0,1341.5,0
Marca_862,Estilo_2,Cor_1,1343.0,1
Marca_863,Estilo_3,Cor_2,1344.5,0
Marca_864,Estilo_4,Cor_0,1346.0,1
Marca_865,Estilo_0,Cor_1,1347.5,0
Marca_866,Estilo_1,Cor_2,1349.0,1
Marca_867,Estilo_2,Cor_0,1350.5,0
Marca_868,Estilo_3,Cor_1,1352.0,1
Marca_869,Estilo_4,Cor_2,1353.5,0
Marca_870,Estilo_0,Cor_0,1355.0,1
Marca_871,Estilo_1,Cor_1,1356.5,0
Marca_872,Estilo_2,Cor_2,1358.0,1
Marca_873,Estilo_3,Cor_0,1359.5,0
Marca_874,Estilo_4,Cor_1,1361.0,1
Marca_875,Estilo_0,Cor_2,1362.5,0
Marca_876,Estilo_1,Cor_0,1364.0,1
Marca_877,Estilo_2,Cor_1,1365.5,0
Marca_878,Estilo_3,Cor_2,1367.0,1
Marca_879,Estilo_4,Cor_0,1368.5,0
Marca_880,Estilo_0,Cor_1,1370.0,1
Marca_881,Estilo_1,Cor_2,1371.5,0
Marca_882,Estilo_2,Cor_0,1373.0,1
Marca_883,Estilo_3,Cor_1,1374.5,0
Marca_884,Estilo_4,Cor_2,1376.0,1
Marca_885,Estilo_0,Cor_0,1377.5,0
Marca_886,Estilo_1,Cor_1,1379.0,1
Marca_887,Estilo_2,Cor_2,1380.5,0
Marca_888,Estilo_3,Cor_0,1382.0,1
Marca_889,Estilo_4,Cor_1,1383.5,0
Marca_890,Estilo_0,Cor_2,1385.0,1
Marca_891,Estilo_1,Cor_0,1386.5,0
Marca_892,Estilo_2,Cor_1,1388.0,1
Marca_893,Estilo_3,Cor_2,1389.5,0
Marca_894,Estilo_4,Cor_0,1391.0,1
Marca_895,Estilo_0,Cor_1,1392.5,0
Marca_896,Estilo_1,Cor_2,1394.0,1
Marca_897,Estilo_2,Cor_0,1395.5,0
Marca_898,Estilo_3,Cor_1,1397.0,1
Marca_899,Estilo_4,Cor_2,1398.5,0
Marca_900,Estilo_0,Cor_0,1400.0,1
Marca_901,Estilo_1,Cor_1,1401.5,0
Marca_902,Estilo_2,Cor_2,1403.0,1
Marca_903,Estilo_3,Cor_0,1404.5,0
Marca_904,Estilo_4,Cor_1,1406.0,1
Marca_905,Estilo_0,Cor_2,1407.5,0
Marca_906,Estilo_1,Cor_0,1409.0,1
Marca_907,Estilo_2,Cor_1,1410.5,0
Marca_908,Estilo_3,Cor_2,1412.0,1
Marca_909,Estilo_4,Cor_0,1413.5,0
Marca_910,Estilo_0,Cor_1,1415.0,1
Marca_911,Estilo_1,Cor_2,1416.5,0
Marca_912,Estilo_2,Cor_0,1418.0,1
Marca_913,Estilo_3,Cor_1,1419.5,0
Marca_914,Estilo_4,Cor_2,1421.0,1
Marca_915,Estilo_0,Cor_0,1422.5,0
Marca_916,Estilo_1,Cor_1,1424.0,1
Marca_917,Estilo_2,Cor_2,1425.5,0
Marca_918,Estilo_3,Cor_0,1427.0,1
Marca_919,Estilo_4,Cor_1,1428.5,0
Marca_920,Estilo_0,Cor_2,1430.0,1
Marca_921,Estilo_1,Cor_0,1431.5,0
Marca_922,Estilo_2,Cor_1,1433.0,1
Marca_923,Estilo_3,Cor_2,1434.5,0
Marca_924,Estilo_4,Cor_0,1436.0,1
Marca_925,Estilo_0,Cor_1,1437.5,0
Marca_926,Estilo_1,Cor_2,1439.0,1
Marca_927,Estilo_2,Cor_0,1440.5,0
Marca_928,Estilo_3,Cor_1,1442.0,1
Marca_929,Estilo_4,Cor_2,1443.5,0
Marca_930,Estilo_0,Cor_0,1445.0,1
Marca_931,Estilo_1,Cor_1,1446.5,0
Marca_932,Estilo_2,Cor_2,1448.0,1
Marca_933,Estilo_3,Cor_0,1449.5,0
Marca_934,Estilo_4,Cor_1,1451.0,1
Marca_935,Estilo_0,Cor_2,1452.5,0
Marca_936,Estilo_1,Cor_0,1454.0,1
Marca_937,Estilo_2,Cor_1,1455.5,0
Marca_938,Estilo_3,Cor_2,1457.0,1
Marca_939,Estilo_4,Cor_0,1458.5,0
Marca_940,Estilo_0,Cor_1,1460.0,1
Marca_941,Estilo_1,Cor_2,1461.5,0
Marca_942,Estilo_2,Cor_0,1463.0,1
Marca_943,Estilo_3,Cor_1,1464.5,0
Marca_944,Estilo_4,Cor_2,1466.0,1
Marca_945,Estilo_0,Cor_0,1467.5,0
Marca_946,Estilo_1,Cor_1,1469.0,1
Marca_947,Estilo_2,Cor_2,1470.5,0
Marca_948,Estilo_3,Cor_0,1472.0,1
Marca_949,Estilo_4,Cor_1,1473.5,0
Marca_950,Estilo_0,Cor_2,1475.0,1
Marca_951,Estilo_1,Cor_0,1476.5,0
Marca_952,Estilo_2,Cor_1,1478.0,1
Marca_953,Estilo_3,Cor_2,1479.5,0
Marca_954,Estilo_4,Cor_0,1481.0,1
Marca_955,Estilo_0,Cor_1,1482.5,0
Marca_956,Estilo_1,Cor_2,1484.0,1
Marca_957,Estilo_2,Cor_0,1485.5,0
Marca_958,Estilo_3,Cor_1,1487.0,1
Marca_959,Estilo_4,Cor_2,1488.5,0
Marca_960,Estilo_0,Cor_0,1490.0,1
Marca_961,Estilo_1,Cor_1,1491.5,0
Marca_962,Estilo_2,Cor_2,1493.0,1
Marca_963,Estilo_3,Cor_0,1494.5,0
Marca_964,Estilo_4,Cor_1,1496.0,1
Marca_965,Estilo_0,Cor_2,1497.5,0
Marca_966,Estilo_1,Cor_0,1499.0,1
Marca_967,Estilo_2,Cor_1,1500.5,0
Marca_968,Estilo_3,Cor_2,1502.0,1
Marca_969,Estilo_4,Cor_0,1503.5,0
Marca_970,Estilo_0,Cor_1,1505.0,1
Marca_971,Estilo_1,Cor_2,1506.5,0
Marca_972,Estilo_2,Cor_0,1508.0,1
Marca_973,Estilo_3,Cor_1,1509.5,0
Marca_974,Estilo_4,Cor_2,1511.0,1
Marca_975,Estilo_0,Cor_0,1512.5,0
Marca_976,Estilo_1,Cor_1,1514.0,1
Marca_977,Estilo_2,Cor_2,1515.5,0
Marca_978,Estilo_3,Cor_0,1517.0,1
Marca_979,Estilo_4,Cor_1,1518.5,0
Marca_980,Estilo_0,Cor_2,1520.0,1
Marca_981,Estilo_1,Cor_0,1521.5,0
Marca_982,Estilo_2,Cor_1,1523.0,1
Marca_983,Estilo_3,Cor_2,1524.5,0
Marca_984,Estilo_4,Cor_0,1526.0,1
Marca_985,Estilo_0,Cor_1,1527.5,0
Marca_986,Estilo_1,Cor_2,1529.0,1
Marca_987,Estilo_2,Cor_0,1530.5,0
Marca_988,Estilo_3,Cor_1,1532.0,1
Marca_989,Estilo_4,Cor_2,1533.5,0
Marca_990,Estilo_0,Cor_0,1535.0,1
Marca_991,Estilo_1,Cor_1,1536.5,0
Marca_992,Estilo_2,Cor_2,1538.0,1
Marca_993,Estilo_3,Cor_0,1539.5,0
Marca_994,Estilo_4,Cor_1,1541.0,1
Marca_995,Estilo_0,Cor_2,1542.5,0
Marca_996,Estilo_1,Cor_0,1544.0,1
Marca_997,Estilo_2,Cor_1,1545.5,0
Marca_998,Estilo_3,Cor_2,1547.0,1
Marca_999,Estilo_4,Cor_0,1548.5,0
